,rank,book_title,author,publisher,published_date
0,1,디스 이즈 오사카(This is Osaka)(2023),호밀씨,테라출판사(TERRA),2022.11.21
1,2,베스트 프렌즈 도쿄('20~'21),정꽃나래,중앙북스,2019.11.05
2,3,디스 이즈 파리(2022-2023),김민준,테라출판사(TERRA),2022.07.15
3,4,리얼 싱가포르(2022~2023),정지은,한빛라이프,2022.07.05
4,5,에이든 국내여행 가이드북(2022-2023),이정기,타블라라사,2022.04.01
5,6,디스 이즈 이탈리아(THIS IS ITALIA)(2023),전혜진,테라출판사(TERRA),2022.10.05
6,7,프렌즈 스페인 포르투갈(2022~2023),박현숙,중앙북스,2022.09.01
7,8,산티아고 라이프스타일,전승연,넥서스BOOKS,2022.11.23
8,9,리얼 방콕(2022~2023),배나영,한빛라이프,2022.08.23
9,10,리얼 호주(2022~2023),박선영,한빛라이프,2022.05.30
10,11,프렌즈 미국 동부(2022~2023),이주은,중앙북스,2022.07.01
11,12,치앙마이 홀리데이(2023~2024),박애진,꿈의지도,2022.11.20
12,13,리얼 교토: 고베 나라(2022~2023),황성민,한빛라이프,2022.09.05
13,14,디스 이즈 스페인(2022-2023),전혜진,테라출판사(TERRA),2022.08.10
14,15,프렌즈 후쿠오카('20~'21)(Season 2),정꽃나래,중앙북스,2019.11.27
15,16,미국 서부 셀프트래블(2022-2023),조은정,상상출판,2022.06.09
16,17,유럽 열 개의 길,이상엽,크루,2021.12.10
17,18,프렌즈 이탈리아(2023~2024),황현희,중앙북스,2022.11.07
18,19,뉴욕에 살고 있습니다,하루,상상출판,2022.08.16
19,20,동유럽 셀프트래블(2022-2023),박정은,상상출판,2022.07.05
20,21,일본 온천 여행(2023~2024 최신판),인페인터글로벌,꿈의지도,2022.12.15
21,22,이국적인 국내여행지 64,이환수(한스포토),책밥,2022.03.30
22,23,하루쯤 나 혼자 어디라도 가야겠다,장은정,북라이프,2021.09.28
23,24,"내일도 잘 부탁해, 도쿄!",장서영,클,2022.10.26
24,25,프렌즈 하와이(2022~2023),이미정,중앙북스,2022.10.05
25,26,스위스 셀프트래블(2022-2023),맹현정,상상출판,2022.09.26
26,27,리얼 뉴질랜드(2022~2023년),박선영,한빛라이프,2022.06.23
27,28,리얼 국내여행(2022~2023년),배나영,한빛라이프,2022.05.03
28,29,리얼 다낭: 호이안 후에(2023~2024),배나영,한빛라이프,2022.11.15
29,30,만약 우리의 언어가 위스키라고 한다면,무라카미,문학사상,2020.06.18
30,31,리얼 제주(2022~2023년),김태연,한빛라이프,2022.05.02
31,32,제 마음대로 살아보겠습니다,이원지,상상출판,2019.11.13
32,33,소소낭만 일본 소도시 여행(2023~2024 최신판),우승민,꿈의지도,2022.10.20
33,34,프렌즈 런던(2022~2023),한세라,중앙북스,2022.10.05
34,35,특별하게 런던(2022~2023),김선태,디스커버리미디어,2022.09.20
35,36,"지금, 발리",송지헌,플래닝북스,2022.09.20
36,37,도쿄의 하늘은 하얗다,오다윤,세나북스,2022.08.10
37,38,BTS TRAVEL BOOK,Cake,Cake,2022.12.31
38,39,에이든 우리나라 전국 여행지도 2022-2023,타블라라사,타블라라사,2022.02.16
39,40,특별하게 제주(2022~2023),문신기,디스커버리미디어,2022.11.25
40,41,이탈리아 자동차 여행(2022~2023),이정운,꿈의지도,2022.07.01
41,42,저스트고 규슈(2020-2021),박용준,시공사,2020.01.31
42,43,나를 부르는 숲,빌,까치,2018.01.08
43,44,"our Lisbon, Porto(아워 리스본, 포르투)",조인숙,버튼티,2022.11.30
44,45,특별하게 독일(2022~2023),이민정,디스커버리미디어,2022.11.15
45,46,리얼 호치민(2022~2023),권예빈,한빛라이프,2022.10.27
46,47,프렌즈 캐나다(2022~2023),이주은,중앙북스,2022.07.01
47,48,셀프트래블 북유럽(2022-2023),유진선,상상출판,2022.04.22
48,49,리얼 하와이(2022~2023),김화정,한빛라이프,2022.02.01
49,50,프렌즈 홋카이도('19~'20)(Season 2),정꽃나래,중앙북스,2019.08.05
50,51,디스 이즈 오키나와(This is Okinawa)(2019~2020),박설희,테라출판사(TERRA),2019.06.20
51,52,프렌즈 도쿄('19~'20)(Season 4),정꽃나래,중앙북스,2019.06.03
52,53,저스트고 말레이시아(2020-2021),김낙현,시공사,2020.02.28
53,54,클로즈업 오사카(2020-21),유재우,에디터,2020.01.15
54,55,도쿄 여행백서(2019~2020),박정연,나무자전거,2019.05.25
55,56,리얼 오사카(2023~2024),황성민,한빛라이프,2022.12.12
56,57,여행 말고 한달살기,김은덕,어떤책,2022.10.20
57,58,서울의 맛집(2023),블루리본,BR미디어,2022.09.27
58,59,"생애 한 번쯤은, 아트 로드",김영주,더쿱디스트리뷰션,2022.09.15
59,60,전국일주 가이드북(2022-2023),유철상,상상출판,2022.07.27
60,61,리얼 괌(2022~2023),민정아,한빛라이프,2022.03.02
61,62,프렌즈 방콕('20~'21)(Season 10),안진헌,중앙북스,2020.01.08
62,63,홋카이도 무작정 따라하기(2019-2020),홍수연,길벗,2019.05.29
63,64,인생여행 보고 갈 곳이 여기다,박태화,바른북스,2023.01.02
64,65,"52주 여행, 초록이 꽃피는 충청도 532",김보현,책밥,2022.10.03
65,66,동남아 한 달 살기,천시내,포르체,2022.08.24
66,67,독일 셀프트래블(2022-2023),김주희,상상출판,2022.08.03
67,68,식객 허영만의 백반기행 세트(1-3권),허영만,가디언,2022.05.20
68,69,바이크 투어 길라잡이,카이저(권혁찬),멘토르,2022.04.20
69,70,하와이 셀프트래블(2022-2023),정꽃나래,상상출판,2022.01.20
70,71,에이든 세계지도로 세계여행 계획하기 2022-2023,이정기,타블라라사,2021.11.01
71,72,아름다운 우리 절을 걷다,탁현규,지식서재,2021.09.27
72,73,디스 이즈 타이완(This is Taiwan)(2020-2021),신서희,테라출판사(TERRA),2019.12.18
73,74,프렌즈 타이완('20~'21)(Season 6),조현숙,중앙북스,2019.05.27
74,75,진짜 도쿄 맛집을 알려줄게요,네모(tokyo_nemo),휴머니스트,2018.10.02
75,76,아 파리(A Paris),최연정,스노우폭스북스,2017.08.24
76,77,프랑스 한 달 살기(2022~2023),조대현,해시태그,2023.01.10
77,78,인조이 파리(2023),김지선,넥서스BOOKS,2023.01.02
78,79,"지금 여기, 포르투갈",한효정,푸른향기,2022.11.25
79,80,오스트리아 홀리데이(2023-2024),김나성,꿈의지도,2022.11.20
80,81,교과서가 쉬워지는 한국사여행,홍수연,길벗,2022.08.22
81,82,괌 셀프트래블(2022-2023),정승원,상상출판,2022.08.17
82,83,유럽 캠핑 30일,안수지,M31(엠31),2022.06.22
83,84,제주 미식 여행(2022~2023),문신희,디스커버리미디어,2022.06.10
84,85,교과서가 쉬워지는 주말여행(2022-2023),김수진,길벗,2022.05.27
85,86,에이든 우리나라 캠핑지도,타블라라사,타블라라사,2022.01.16
86,87,대한민국 트레킹 가이드,진우석,중앙북스,2021.11.02
87,88,에이든 제주여행 가이드북,이정기,타블라라사,2021.07.16
88,89,"52주 여행, 숨쉬고 물드는 제주도 531",현치훈,책밥,2021.06.21
89,90,"52주 여행, 남몰래 아껴둔 서울경기 255",김미경,책밥,2020.07.25
90,91,인조이 필리핀(2020),박주희,넥서스BOOKS,2020.04.02
91,92,프렌즈 오키나와('19~'20)(Season 5),전명윤,중앙북스,2019.06.05
92,93,디스 이즈 홋카이도(This is Hokkaido)(2019~2020),권예나,테라출판사(TERRA),2019.05.15
93,94,오! 마이 하와이 1(2019-2020),마할로,두사람,2019.03.30
94,95,여행의 기술,알랭,청미래,2011.12.10
95,96,영남알프스 100선,배성동,민속원,2022.10.01
96,97,"지금, 런던(2022)",맹지나,플래닝북스,2022.08.25
97,98,인조이 남미(2022),박재영,넥서스BOOKS,2022.08.16
98,99,아이와 떠나는 제주 여행 버킷리스트,신재현,처음북스,2022.08.13
99,100,"52주 여행, 사계절 빛나는 전라도 430",김경기,책밥,2022.08.05
100,101,어디가 제일 좋았어?,윤슬기,대경북스,2022.07.25
101,102,대한민국 요즘 여행(2022~2023),옥미혜,알에이치코리아,2022.07.14
102,103,아이와 하와이에서 한 달 살기,강지인,드림위드에스,2022.06.10
103,104,떡지순례,홍금표,비타북스,2022.05.30
104,105,산티아고 순례길 가이드북(2022~2023),조대현,해시태그,2022.05.27
105,106,무작정 따라하기 하와이(2022-2023),박재서,길벗,2022.05.16
106,107,이병원 교수의 아프리카 여행 스케치,이병원,담아내기,2022.02.25
107,108,이탈리아 와인 여행,엄정선,꿈의지도,2022.01.25
108,109,뜨는 관광에는 이유가 있다,한국관광공사,뿌쉬낀하우스,2022.01.14
109,110,에이든 우리나라 제주 여행지도(2021-2022),타블라라사,타블라라사,2021.08.16
110,111,자전거 여행 바이블: 수도권편,이준휘,꿈의지도,2021.05.25
111,112,방구석에서 먼저 떠나는 이집트 여행,최돈근,피서산장,2021.01.27
112,113,Tripful(트립풀) 방콕,이지앤북스,이지앤북스,2020.01.20
113,114,저스트고 타이베이(2020~2021)(카카오프렌즈 스페셜 에디션),박진주,시공사,2020.01.13
114,115,프렌즈 싱가포르(2020-2021)(season5),박진주,중앙북스,2019.12.02
115,116,고을(goeul): 경주(Gyeongju) Volume 1,로우프레스,로우프레스,2019.11.12
116,117,저스트고 캄보디아(2020-2021),이주영,시공사,2019.10.24
117,118,후쿠오카 100배 즐기기(19-20),RHK,알에이치코리아,2019.01.16
118,119,도쿄 셀프트래블(2019-2020),한혜원,상상출판,2019.01.02
119,120,나고야 100배 즐기기(19-20),RHK,알에이치코리아,2018.11.28
120,121,나의 첫 자유여행 도쿄 TOKYO(2018),이선미,동양북스,2018.08.20
121,122,DOR to Melbourne,도어,어라운드,2017.06.16
122,123,끌림,이병률,달,2010.07.01
123,124,인사동에서 만나자,신소윤,덕주,2022.11.18
124,125,7300㎞ 서유럽 여행,최순옥,지식과감성,2022.11.18
125,126,"중독: 아이슬란드, 312컷 풍경에 빠지다",송준영,렛츠북,2022.11.17
126,127,해시태그 베트남 중부 & 북부(2022~2023),조대현,해시태그,2022.10.23
127,128,지리산 둘레길(2023~2024),숲길,꿈의지도,2022.09.30
128,129,이PD가 간다,이PD,중앙북스,2022.09.05
129,130,영화 속 뉴욕 산책,정윤주,hummingbird,2022.08.05
130,131,Tripful(트립풀) 창원,이지앤북스,이지앤북스,2022.08.03
131,132,예술의 정원 마드리드 산책,강명재,일파소,2022.07.20
132,133,리얼 몽골(2022~2023),강한나,한빛라이프,2022.07.20
133,134,그래서 이스탄불,이재천,바른북스,2022.07.18
134,135,프라하 & 체코(2022~2023),조대현,해시태그,2022.07.16
135,136,캠핑을 100% 즐기는 100가지 방법,FIGINC,참좋은날,2022.07.05
136,137,"지금, 괌(2022)",오상용,플래닝북스,2022.07.04
137,138,제주도 여행백서(2022~2023),손만기,나무자전거,2022.05.30
138,139,퀸즐랜드 자매로드,황선우,이야기나무,2022.05.25
139,140,독일생활백서,우상덕,메이드마인드,2022.05.02
140,141,나는 걷는다 세트,베르나르,효형출판,2022.04.30
141,142,아이슬란드(2022-2023),조대현,해시태그,2022.04.27
142,143,전국의 맛집(2022),블루리본,BR미디어,2022.04.17
143,144,에이든 우리나라 부산 여행지도 2022-2023,이정기,타블라라사,2022.02.11
144,145,가는 날이 제철입니다,김진영,상상출판,2022.01.15
145,146,대한민국 베스트셀러 여행지 + 전국 맛집 318,블루리본,BR미디어,2021.06.17
146,147,고을(goeul): 강릉(Gangneung) Volume 3,로우프레스,로우프레스,2021.05.20
147,148,진짜 프랑스는 시골에 있다,문정훈,상상출판,2021.01.15
148,149,나의 캠핑 물건,강성구,중앙북스,2020.12.07
149,150,빌 브라이슨 발칙한 영국산책(리커버 에디션),빌,21세기북스,2020.10.15
150,151,아이여행 가이드북(2020-2021),권다현,상상출판,2020.06.15
151,152,프렌즈 크로아티아(2020~2021),김유진,중앙북스,2020.03.26
152,153,인조이 싱가포르(2020~2021),김미선,넥서스BOOKS,2020.03.15
153,154,발리 셀프트래블(2020-2021),한혜원,상상출판,2020.02.10
154,155,미리 가 보는 북한(2020),헨리,넥서스BOOKS,2020.02.10
155,156,저스트고 스페인 포르투갈(2020~2021년)(카카오프렌즈 에디션),김지영,시공사,2020.01.27
156,157,저스트고 유럽 5개국 (2020~2021) (카카오프렌즈 스페셜 에디션),최철호,시공사,2020.01.02
157,158,프렌즈 스위스 ('20~'21)(Season 1),황현희,중앙북스,2020.01.02
158,159,홋카이도(2020),박민주,샬레트래블앤라이프,2020.01.02
159,160,저스트고 다낭: 호이안 후에(2020-2021)(카카오프렌즈 스페셜 에디션),성희수,시공사,2019.11.15
160,161,베스트 프렌즈 코타키나발루('20~'21),김준현,중앙북스,2019.11.05
161,162,"지금 우리, 싱가포르",최설희,리스컴,2019.07.15
162,163,오키나와 무작정 따라하기(2019-2020),오원호,길벗,2019.05.03
163,164,프렌즈 동유럽('19~'20)(Season 9),박현숙,중앙북스,2019.04.23
164,165,에이든 런던 영국 여행지도,타블라라사,타블라라사,2019.04.17
165,166,느리게 천천히 가도 괜찮아,박건우,태일소담,2019.04.15
166,167,백패킹 980g,고요한,성안당,2018.04.27
167,168,저스트고 도쿄(2018-2019),박용준,시공사,2018.02.28
168,169,플레이스 @도쿄,닛케이아키텍처,꿈의지도,2017.12.20
169,170,도쿄 숍(Tokyo Shop),이시은,동아일보사,2016.11.11
170,171,대전여지도 1,이용원,월간토마토,2016.09.24
171,172,3 데이즈 in 삿포로,RHK,알에이치코리아,2016.09.23
172,173,프렌즈 독일(2023~2024),유상현,중앙북스,2022.12.05
173,174,해시태그 베트남 남부(2022-2023),조대현,해시태그,2022.11.20
174,175,해시태그 그리스(2022~2023),조대현,해시태그,2022.11.17
175,176,부산 탐식 프로젝트,최원준,산지니,2022.11.14
176,177,제주는 숲과 바다,박성혜,두사람,2022.11.10
177,178,해시태그 크로아티아&몬테네그로(2022~2023),조대현,해시태그,2022.11.09
178,179,해시태그 스페인 한 달 살기(2022~2023),조대현,해시태그,2022.10.27
179,180,"쿠바, 한 개의 심장을 그곳에 두고 왔다(큰글자책)",전경일,다빈치북스,2022.10.25
180,161,베스트 프렌즈 코타키나발루('20~'21),김준현,중앙북스,2019.11.05
181,162,"지금 우리, 싱가포르",최설희,리스컴,2019.07.15
182,163,오키나와 무작정 따라하기(2019-2020),오원호,길벗,2019.05.03
183,164,프렌즈 동유럽('19~'20)(Season 9),박현숙,중앙북스,2019.04.23
184,165,에이든 런던 영국 여행지도,타블라라사,타블라라사,2019.04.17
185,166,느리게 천천히 가도 괜찮아,박건우,태일소담,2019.04.15
186,167,백패킹 980g,고요한,성안당,2018.04.27
187,168,저스트고 도쿄(2018-2019),박용준,시공사,2018.02.28
188,169,플레이스 @도쿄,닛케이아키텍처,꿈의지도,2017.12.20
189,170,도쿄 숍(Tokyo Shop),이시은,동아일보사,2016.11.11
190,171,대전여지도 1,이용원,월간토마토,2016.09.24
191,172,3 데이즈 in 삿포로,RHK,알에이치코리아,2016.09.23
192,173,프렌즈 독일(2023~2024),유상현,중앙북스,2022.12.05
193,174,해시태그 베트남 남부(2022-2023),조대현,해시태그,2022.11.20
194,175,해시태그 그리스(2022~2023),조대현,해시태그,2022.11.17
195,176,부산 탐식 프로젝트,최원준,산지니,2022.11.14
196,177,제주는 숲과 바다,박성혜,두사람,2022.11.10
197,178,해시태그 크로아티아&몬테네그로(2022~2023),조대현,해시태그,2022.11.09
198,179,해시태그 스페인 한 달 살기(2022~2023),조대현,해시태그,2022.10.27
199,180,"쿠바, 한 개의 심장을 그곳에 두고 왔다(큰글자책)",전경일,다빈치북스,2022.10.25
200,201,백반기행 3,허영만,가디언,2022.05.14
201,202,제주 걷기 여행(2022~2023),빈중권,디스커버리미디어,2022.05.01
202,203,반 박자 느려도 좋은 포르투갈,권호영,푸른향기,2022.04.29
203,204,해시태그 스코틀랜드(2022~2023),조대현,해시태그,2022.04.20
204,205,렌터카로 미국 캐나다,이화득,더블엔,2022.04.15
205,206,어쩌다 쿠바,쿠바댁,푸른향기,2022.02.22
206,207,대한민국전도(행정),성지문화사,성지문화사,2022.02.01
207,208,아시안 하이웨이 6호선,김현국,알에이치코리아,2022.01.28
208,209,서울특별시전도(후면 수도권 입체형 도로지도),영진문화사,영진문화사,2022.01.01
209,210,우리는 어쩌다 런던에서,서유진,하모니북,2021.12.25
210,211,제주 오름 여행,문신희,디스커버리미디어,2021.12.05
211,212,프랑스 와인 여행(2022~2023),엄정선,꿈의지도,2021.09.01
212,213,"서울, 경기, 인천 트레킹 가이드",진우석,중앙북스,2021.07.02
213,214,제주 오름 트레킹 가이드,이승태,중앙북스,2021.07.01
214,215,당신이 모르는 그 곳 서울(Seoul),어라운더월드,어라운더월드,2021.04.05
215,216,한국의 3대 트레킹: 지리산 둘레길 편,최병욱,이담북스,2020.12.31
216,217,대전여지도 4,이용원,월간토마토,2020.11.20
217,218,"지금, 규슈",한수진,플래닝북스,2020.11.20
218,219,당신이 모르는 그 곳 제주(Jeju Island),어라운더월드,어라운더월드,2020.10.30
219,220,오름 오름 트레킹 맵,박선정,미니멈,2020.09.15
220,221,반나절 서울 걷기 여행,최미선,넥서스BOOKS,2020.08.24
221,222,트래블로그 아이슬란드 자동차 여행(2020~2021),조대현,나우출판사,2020.07.30
222,223,"퇴근 후, 동네 책방",구선아,리얼북스,2020.03.25
223,224,"이지 남미+멕시코, 쿠바(2020-2021)",차기열,이지앤북스,2020.02.14
224,225,버킷리스트 미국 서부,서수민,책밥,2020.01.28
225,226,네팔 히말라야 트레킹(2020~2021),최인호,꿈의지도,2020.01.27
226,227,이탈리아 여행백서(2020-2021),염승범,나무자전거,2020.01.10
227,228,포르투갈 홀리데이(2020-2021),맹지나,꿈의지도,2019.12.20
228,229,Tripful(트립풀) 하노이,박정희,이지앤북스,2019.12.11
229,230,일본 온천 순례,스티브,시그마북스,2019.12.10
230,231,남미 자유배낭여행 68일의 도전,고황기,여행마인드,2019.11.20
231,232,베스트 프렌즈 방콕('20~'21),안진헌,중앙북스,2019.11.05
232,233,이지 유럽 5개국(2019-2020),고영웅,이지앤북스,2019.10.07
233,234,프렌즈 다낭('20~'21)(Season 4),안진헌,중앙북스,2019.10.01
234,235,잠깐 다녀오겠습니다,임운석,시공사,2019.09.27
235,236,파리 홀리데이(2019-2020),정승원,꿈의지도,2019.08.27
236,237,혼자 여행 코스북,정윤성,넥서스BOOKS,2019.07.22
237,238,Tripful(트립풀) 교토(2019-2020),양미석,이지앤북스,2019.07.19
238,239,대전여지도 3,이용원,월간토마토,2019.06.20
239,240,내일은 홋카이도(2019~2020),온,착한책방,2019.06.10
240,241,무작정 따라하기 오사카 교토(2019-2020),홍유진,길벗,2019.06.03
241,242,무작정 따라하기 후쿠오카(2019-2020),전상현,길벗,2019.05.16
242,243,인조이 유럽,문은정,넥서스BOOKS,2019.05.02
243,244,동경식당,설동주,비컷,2019.04.23
244,245,에이든 파리 여행지도,타블라라사,타블라라사,2019.04.17
245,246,뉴욕 100배 즐기기,홍수연,알에이치코리아,2019.03.22
246,247,"뮌헨: 아우크스부르크, 퓌센, 무르나우, 레겐스부르크, 파사우",박종호,풍월당,2019.03.14
247,248,인조이 호주 미니북,정태관,넥서스BOOKS,2019.03.02
248,249,내일은 후쿠오카(2019-2020),온,착한책방,2019.01.24
249,250,부다페스트 홀리데이,유상현,꿈의지도,2019.01.18
250,251,난생 처음 오사카(2019~2020),정해경,메이트북스,2019.01.15
251,252,다카마쓰를 만나러 갑니다,이예은,세나북스,2019.01.03
252,253,앙코르와트 내비게이션,정숙영,그리고책,2018.11.30
253,254,빈틈없이 일본정착,김하동,밥북,2018.11.21
254,255,리스본,박종호,풍월당,2018.10.08
255,256,그리스 셀프트래블(2018-2019),박정은,상상출판,2018.08.02
256,257,소소 동경,정다원,상상출판,2018.07.02
257,258,세계여행 플랜북,김동국,미호,2018.06.21
258,259,디스 이즈 하와이(This is Hawaii)(2018-2019),양인선,테라출판사(TERRA),2018.05.10
259,260,배싸메무초 걷기 100선,윤광원,흔들의자,2018.03.25
260,261,"일단 멈춤, 교토",송은정,꿈의지도,2018.02.19
261,262,조선 여성 첫 세계 일주기,나혜석,가갸날,2018.01.30
262,263,일본 소도시 여행,박탄호,플래닝북스,2017.12.10
263,264,호주 워킹홀리데이 팩트체크,강태호,라의눈,2017.10.27
264,265,대전여지도 2,이용원,월간토마토,2017.10.25
265,266,맛있는 스페인,배동렬,BR미디어,2017.06.16
266,267,"52주 여행, 우리가 몰랐던 강원도 220",김지영,책밥,2017.01.31
267,268,국내여행 버킷리스트 101,최미선,넥서스BOOKS,2016.10.20
268,269,푸드 인 더 시티,박정배,깊은나무,2016.09.29
269,270,이탈리아 남부 기행,민혜련,21세기북스,2016.07.14
270,271,그럴땐 몰타,이세영,상상력놀이터,2015.12.14
271,272,지극히 주관적인 여행: 디테일한 감성 국내여행,이상헌,경향BP,2015.06.25
272,273,경주 걷기여행,김영록,터치아트,2015.05.25
273,274,지극히 주관적인 여행: 당장 떠나는 가족여행,이상헌,경향BP,2015.05.20
274,275,우리나라지도(1:1 050 000),영진문화사,영진문화사,2013.01.01
275,276,바람이 분다 당신이 좋다,이병률,달,2012.07.01
276,277,이집트의 유혹,이태원,기파랑,2009.09.09
277,278,디아스포라 기행,서경식,돌베개,2006.01.16
278,279,"베트남 북부 & 하노이, 퐁냐케방(2023~2024)",조대현,해시태그,2023.01.13
279,280,제주 카페 여행(2023~2024),문신희,디스커버리미디어,2022.12.15
280,281,소도시트래블 완주,소도시트래블,맛조이코리아,2022.11.15
281,282,해시태그 가고시마(2022~2023),조대현,해시태그,2022.11.10
282,283,마을버스로 세계여행,임택,넥서스BOOKS,2022.11.05
283,284,"그래서, 베트남",소율,씽크스마트,2022.10.31
284,285,길과 풍경,박홍재,인타임,2022.10.27
285,286,해시태그 오스트리아(2022~2023),조대현,해시태그,2022.10.26
286,287,해시태그 스페인 소도시 여행(2022~2023),조대현,해시태그,2022.10.21
287,288,Carl & June의 Alaska 자동차 여행일기,안광용,진명출판사,2022.10.18
288,289,공주 도시산책,류혜숙,메디치미디어,2022.10.10
289,290,"당신이 모르는 그곳, 태백(Taebaek)",어라운더월드,어라운더월드,2022.10.04
290,291,산티아고 순례길에서 직접 사용하는 가이드북,조대현,해시태그,2022.10.03
291,292,해설사와 함께하는 스토리텔링 신라 이야기와 맛집 100선,한세동,북랩,2022.09.30
292,293,산티아고 순례길을 만나는 스페인 북부(2022~2023),조대현,해시태그,2022.09.30
293,295,북유럽 여행자,이찬호,테라출판사(TERRA),2022.09.20
294,296,부엌은 소행성이다,오카네야,나나 문고,2022.09.16
295,297,아무도 나를 모르는 곳으로 가고 싶었다,박유현,하모니북,2022.09.15
296,298,"어떤, 여행",공가희,KONG,2022.09.15
297,299,나는 여행을 사랑하지 않는다,이예은(나린),바이북스,2022.09.10
298,300,제주 트레킹 어디까지 해봤니?,이성근,페이지원,2022.09.10
299,301,프렌즈 제주(2023),허준성,중앙북스,2022.09.01
300,302,미국 한 달 여행,김춘석,스타북스,2022.08.31
301,303,엄마와 내가 유럽 여행을 하는 방법,정소연,바른북스,2022.08.26
302,304,해시태그 오스트리아 & 부다페스트(2022~2023),조대현,해시태그,2022.08.26
303,305,"나트랑 & 무이네, 달랏(2022~2023)",조대현,해시태그,2022.08.25
304,306,가벼워져서 돌아올게요,송수연,씽크스마트,2022.08.22
305,307,해시태그 모로코 한 달 살기(2022~2023),조대현,해시태그,2022.08.17
306,308,구구즐산,월간산,조선뉴스프레스,2022.08.10
307,309,유럽 열 개의 길(큰글자도서),이상엽,크루,2022.08.08
308,310,스코틀랜드 한 달 살기(2022~2023),조대현,해시태그,2022.08.05
309,311,모로 가도 모로코,이경한,푸른길,2022.08.01
310,312,오늘 한 끼 어떠셨나요?,이우석,꿈의지도,2022.07.31
311,313,"춘자, 인도에 흠뻑 젖다",김춘자,여행마인드,2022.07.27
312,314,태국 남부(2022~2023),김경진,해시태그,2022.07.22
313,315,산티아고 순례길을 걸으며 만나는 City & Town 가이드북(2022-2023),조대현,해시태그,2022.07.17
314,316,산티아고 순례길 City & Town 가이드북(2022~2023),조대현,해시태그,2022.07.17
315,317,베트남 한 달 살기(2022~2023),조대현,해시태그,2022.07.12
316,318,문학이 좋다 여행이 좋다,세라,올댓북스,2022.07.07
317,319,스마트폰 하나로 세계여행 떠나기,노미경,글로벌콘텐츠,2022.06.30
318,320,프라하 한 달 살기(2022-2023),조대현,해시태그,2022.06.28
319,321,폴란드 한 달 살기(2022-2023),조대현,해시태그,2022.06.28
320,322,나도 한번은 발트 3국 발칸반도,박윤정,트라이브즈,2022.06.20
321,323,알프스 트레킹,최승원,두성사,2022.06.15
322,324,쁘띠 파리(Petit Paris),박영희,테라출판사(TERRA),2022.06.15
323,325,"잠시 쉬어가기, 제주",장희정,도서출판풍경,2022.06.13
324,326,트래블 어게인,이화자,책구름,2022.06.10
325,327,생각이 많은 날에는 남해에 갑니다,이산들,푸른향기,2022.06.09
326,328,사유하는 스위스,이창민,위에스앤에스,2022.06.02
327,329,전국도로관광안내도(양면)(코팅 원지 부착용),성지문화사,성지문화사,2022.06.01
328,330,서울특별시,성지문화사,성지문화사,2022.06.01
329,331,산티아고 순례길 가이드북 라이트(2022~2023),조대현,해시태그,2022.05.27
330,332,렌터카로 동유럽(2022 - 2023),이화득,더블엔,2022.05.15
331,333,빵 자매의 빵빵한 여행,박미이,이담북스,2022.05.10
332,334,1:100000 도로지도 지도대사전,성지문화사,성지문화사,2022.05.01
333,335,국기로 찾는 세계지도,편집부,성지문화사,2022.05.01
334,336,경기도 전도(도별지도 1),성지문화사,성지문화사,2022.05.01
335,337,세계지도,성지문화사,성지문화사,2022.05.01
336,338,트래블 조지아(2022~2023),서병용,트래블북스,2022.04.29
337,339,Tripful(트립풀) 파리(2022-2023),이연실,이지앤북스,2022.04.28
338,340,그림편지,유재연,유재연사무소,2022.04.20
339,341,500일의 영국,윤정,세나북스,2022.04.20
340,342,CENTRAL ASIA,이한신,이지출판,2022.04.15
341,343,주말이 기다려지는 행복한 걷기여행: 서울·수도권(2022),김영록,터치아트,2022.04.10
342,344,휴식하러 제주 올레,김홍설,레인보우북스,2022.04.01
343,345,열두 달의 가족캠핑,김유리(뮤리의,책밥,2022.04.01
344,346,한국에서 일본여행을 할 수 있다고?,김경미,해오출판사,2022.03.25
345,347,우리는 숲으로 여행 간다,안윤정,상상출판,2022.03.21
346,348,모로코(2022~2023),조대현,해시태그,2022.03.17
347,349,프랑스의 아름다운 마을들,김달권,렛츠북,2022.03.03
348,350,아이랑 자동차여행 코스북,김수진,길벗,2022.02.24
349,351,"더 로컬: 장수, 고창, 군산, 임실",안은금주,무블출판사,2022.02.15
350,352,"내 차로 가는 미국, 중남미 여행",김홍식,지식공감,2022.02.10
351,353,내 차로 가는 아프리카 여행,김홍식,지식공감,2022.02.10
352,354,내 차로 가는 유럽여행,김홍식,지식공감,2022.02.10
353,355,좋은 걸 보면 네 생각이 나,청민,상상출판,2022.02.10
354,356,혼자도 함께도 패키지도 다 좋아,임영택,라온북,2022.02.04
355,357,조르바와 춤을,홍윤오,넥서스BOOKS,2022.02.03
356,358,"수학 끼고 가는 서울 2: 남산, 창덕궁",정미자,작은숲,2022.01.31
357,359,알고 떠나는 호주 여행 지식 가이드,손희욱,생각나눔,2022.01.28
358,360,대한민국 역사여행 버킷리스트,최미선,넥서스BOOKS,2022.01.24
359,361,대한민국 드라이브 가이드,이주영,중앙북스,2022.01.03
360,362,우리도 몰랐다 여행으로 글을 쓸 줄은,김유진,다인아트,2021.12.30
361,363,당신이 모르는 그곳 영월(Yeongwol),어라운더월드,어라운더월드,2021.12.22
362,364,신의 영혼 오로라,권오철,씨네21북스,2021.12.16
363,365,걷다 보니 내가 좋아지기 시작했다,이승민,멀리깊이,2021.12.13
364,366,남인도 기행,최영일,눈빛,2021.11.11
365,367,두근두근 미대륙 횡단 따라하기,홍석민,문화의힘,2021.11.01
366,368,오토캠핑 바이블(큰글자책),김산환,꿈의지도,2021.10.31
367,369,개성상인의 그리스 여행,홍석경,문화의힘,2021.10.31
368,370,"살아보니, 대만",조영미,산지니,2021.10.29
369,371,Go! 차박,고차박,황금부엉이,2021.10.13
370,372,아일랜드(2022~2023),조대현,해시태그,2021.10.08
371,373,오는 날이 장날입니다,김진영,상상출판,2021.10.05
372,374,대한민국 섬 여행 가이드,이준휘,중앙북스,2021.10.04
373,375,"히말라야로 통하는 나의 사랑, 지리산 가르마",김재농,미다스북스,2021.09.29
374,376,"어서 와, 혼자 여행은 처음이지?",김남금,푸른향기,2021.09.09
375,377,제주기행,주강현,각,2021.09.01
376,378,베트남 역사문화기행,유일상,하나로애드컴,2021.08.31
377,379,자전거 여행 바이블: 국토종주편,이준휘,꿈의지도,2021.08.15
378,380,제주 자동차여행 코스북,이병권,길벗,2021.08.12
379,381,내차를 캠핑카로,용마루,골든벨,2021.07.12
380,382,당신이 모르는 그 곳 합천(Hapcheon),어라운더월드,어라운더월드,2021.06.28
381,383,오토캠핑 바이블,김산환,꿈의지도,2021.06.25
382,384,진짜 스페인은 시골에 있다,문정훈,상상출판,2021.06.22
383,385,식객 허영만의 백반기행 세트(1-2권),허영만,가디언,2021.06.21
384,386,방구석 도시 여행,국토연구원,한울,2021.06.21
385,387,방콕에서 잠시 멈춤,구희상,이담북스,2021.05.07
386,388,건축가 엄마와 한 번쯤 인문학 여행,최경숙,라의눈,2021.05.06
387,389,뚜르 드 몽블랑 360,백민섭,신구문화사,2021.04.20
388,390,대한민국 둘레길,강신길,안나푸르나,2021.04.12
389,391,Tripful(트립풀) 홍대 연남 망원,이지앤북스,이지앤북스,2021.03.24
390,392,세계는 넓고 갈 곳은 많다 1: 유럽편,박원용,북갤러리,2021.01.18
391,393,바다 마을 다이어리 in 통영,단아,두사람,2020.12.30
392,394,한 끼 식사의 행복: 서울의 소문난 인생 맛집 165곳,김석동,김영사,2020.11.30
393,395,한국의 마을숲: 천연기념물 편,황동규,지식과감성,2020.11.30
394,396,파리 문화예술 탐방기,이두현,지식과감성,2020.11.26
395,397,강아지와 둘이서 주말 여행,변미연,시공사,2020.10.30
396,398,당신이 모르는 그 곳 제천(Jecheon),어라운더월드,어라운더월드,2020.10.23
397,399,퍼스트 오토캠핑,황인구,성안당,2020.10.12
398,400,은둔형 여행 인간,박성호,넥서스BOOKS,2020.10.10
399,401,웰컴 투 삽질여행,서지선,푸른향기,2020.09.15
400,402,뉴욕의 맛,뤽,이덴슬리벨,2020.09.10
401,403,고비샅샅 지구촌의 향기,김종오,동천출판,2020.09.01
402,404,트래블로그 달랏(2020~2021),조대현,나우,2020.08.24
403,405,노르웨이의 시간,신하늘,컴인,2020.08.12
404,406,스타벅스로 세계 여행,앨리스,제이앤제이제이(디지털북스),2020.08.10
405,407,하루 여행 하루 더 여행,최갑수,보다북스,2020.07.30
406,408,"지금, 행복하고 싶어",이소연,중앙북스,2020.07.10
407,409,"대책 없이, 요르단",김구연,이담북스,2020.06.15
408,410,"내 청춘의 첫 프로젝트, 영국 워킹홀리데이",정채리,시대인,2020.06.05
409,411,파리(Paris)(2020),맹지나,샬레트래블앤라이프,2020.06.01
410,412,숲과 잠,최상희,해변에서랄랄라,2020.05.28
411,413,여행사 직원은 무슨 일을 할까,김다은,프로방스,2020.05.11
412,414,돈희와 지희의 유럽여행,이돈희,스페이스꿈틀,2020.05.10
413,415,크루즈여행 가이드북,김대은,북랩,2020.05.08
414,416,"내 청춘의 첫 프로젝트, 뉴질랜드 워킹홀리데이",정채리,시대인,2020.05.06
415,417,"영진5만 지도 1:50,000(전국편)",영진문화사,영진문화사,2020.04.01
416,418,조지아(Georgia),권호영,푸른향기,2020.03.27
417,419,사월,최봉국,디엠피북스,2020.03.20
418,420,풀코스 세계지리,서지선,이담북스,2020.03.20
419,421,"지금, 치앙마이(2020)",오상용,플래닝북스,2020.02.28
420,422,"뉴질랜드, 2주일로 끝장내기",임병조,푸른길,2020.02.24
421,423,인조이 두바이(2020),박지우,넥서스BOOKS,2020.02.17
422,424,맛있는 녀석들,iHQ,성안당,2020.02.10
423,425,무작정 따라하기 이탈리아(2020-2021),정숙영,길벗,2020.01.20
424,426,"지금, 비엔나: 잘츠부르크 인스브루크",유상현,플래닝북스,2020.01.20
425,427,"낯선 일상을 찾아, 틈만 나면 걸었다",슛뚜,상상출판,2020.01.16
426,428,로마 걷기여행,존,터치아트,2020.01.15
427,429,당신이 모르는 그 곳 광주(Gwangju),어라운더월드,어라운더월드,2020.01.13
428,430,내일은 스웨덴(2020~2021),김선태,착한책방,2020.01.07
429,431,세계 일주 바이블,최대윤,중앙북스,2020.01.02
430,432,"혼자, 천천히, 북유럽",김현길(리모),상상출판,2020.01.02
431,433,하루쯤 성당여행(2020~2021),김용순,디스커버리미디어,2019.12.24
432,434,베를린,박종호,풍월당,2019.12.23
433,435,아는동네 아는인천 1,어반플레이,어반플레이(URBANPLAY),2019.12.16
434,436,프렌즈 라오스(20~21)(Season 5),안진헌,중앙북스,2019.12.06
435,437,스코틀랜드 홀리데이(2020-2021년),장인혜,꿈의지도,2019.12.04
436,438,지금 이 순간을 기억해,이꽃송이,휴앤스토리,2019.11.14
437,439,프렌즈 괌('20~'21)(Season 2),이미정,중앙북스,2019.11.11
438,440,슬로베니아 홀리데이(2020-2021),유상현,꿈의지도,2019.11.10
439,441,저스트고 스위스(2020-2021)(카카오프렌즈 스페셜 에디션),백상현,시공사,2019.11.08
440,442,베스트 프렌즈 싱가포르('20~'21),박진주,중앙북스,2019.11.05
441,443,푸꾸옥(2021~2022),조대현,해시태그,2019.11.04
442,444,무작정 따라하기 상하이(2020-2021),서혜정,길벗,2019.10.31
443,445,"지금, 타이베이(2020)",김도연,플래닝북스,2019.10.30
444,446,다낭 셀프트래블(2020-2021),이은영,상상출판,2019.10.28
445,447,리얼 크루즈 여행,기다용,도서출판 참,2019.10.24
446,448,당신이 모르는 그 곳 고령(Goryeong),어라운더월드,어라운더월드,2019.10.21
447,449,"지금, 파리(2020)",정태관,플래닝북스,2019.10.18
448,450,빈,박종호,풍월당,2019.10.15
449,451,시칠리아(2019-2020),김문희,샬레트래블앤라이프,2019.10.07
450,452,저스트고 나트랑: 호찌민(2020),김문환,시공사,2019.09.27
451,453,아이와 함께 런던,김현지,꿈의지도,2019.09.25
452,454,프렌즈 독일('19~'20)(Season 5),유상현,중앙북스,2019.09.23
453,455,"지금, 하와이",맹지나,플래닝북스,2019.09.10
454,456,무작정 따라하기 바르셀로나(2019-2020),김지영,길벗,2019.09.09
455,457,저스트고 미국 동부(2019-2020),윤영주,시공사,2019.09.06
456,458,말레이시아 홀리데이(2019-2020),양인선,꿈의지도,2019.09.02
457,459,경상남도 전도,성지문화사,성지문화사,2019.09.01
458,460,프렌즈 베트남('19~'20)(Season 4),안진헌,중앙북스,2019.08.30
459,461,"지금, 바르셀로나",임재훈,플래닝북스,2019.08.26
460,462,타이완 셀프트래블(2019-2020),이주영,상상출판,2019.08.21
461,463,아는동네 아는강원 1,어반플레이,어반플레이(URBANPLAY),2019.08.16
462,464,프랑스 와인 여행,엄정선,꿈의지도,2019.08.15
463,465,마카오 100배 즐기기(19~20),전명윤,알에이치코리아,2019.08.13
464,466,프렌즈 말레이시아('19~'20)(Season 4),김준현,중앙북스,2019.08.05
465,467,어반 리브 No 1: 교토 & 오사카(Urban Live: Kyoto&Osaka),어반리브,어반북스,2019.07.31
466,468,유럽 여행백서(2019~2020),염승범,나무자전거,2019.07.25
467,469,당신의 계절을 걸어요,청춘유리,알에이치코리아,2019.07.22
468,470,유럽을 맛있게 먹는 방법,김성준,바른북스,2019.07.17
469,471,클로즈업 도쿄(2019-20),유재우,에디터,2019.07.16
470,472,바르셀로나 홀리데이(2019-2020),맹지나,꿈의지도,2019.07.15
471,473,여행은 사람이다,정영혁,아마존북스,2019.07.10
472,474,무작정 따라하기 방콕(2019-2020),이진경,길벗,2019.06.28
473,475,프렌즈 파리('19~'20)(Season 4),오윤경,중앙북스,2019.06.25
474,476,프렌즈 터키('19~'20)(Season 4),주종원,중앙북스,2019.06.24
475,477,Tripful(트립풀) 치앙마이,박정희,이지앤북스,2019.06.22
476,478,"60대 부부의 피렌체와 토스카나, 그리고 남부 이탈리아 소도시 한 달 살기",김영화,바른북스,2019.06.03
477,479,프라하 홀리데이(2019-2020),맹지나,꿈의지도,2019.05.31
478,480,프렌즈 태국('19~'20)(Season 6),안진헌,중앙북스,2019.05.27
479,481,Tripful(트립풀) 프라하,윤다혜,이지앤북스,2019.05.27
480,482,스페인 셀프트래블(2019-2020),김은하,상상출판,2019.05.27
481,483,디스 이즈 오사카(This is Osaka)(2019-2020),김현신,테라출판사(TERRA),2019.05.22
482,484,하와이 100배 즐기기,이진영,알에이치코리아,2019.05.21
483,485,세계 10대 트레일,이영철,꿈의지도,2019.05.20
484,486,저스트고 싱가포르(2019~2020),윤희상,시공사,2019.05.13
485,487,도쿄! 스토리를 찾아 떠나는 미식 산책,이지성,이담북스,2019.04.30
486,488,"가고 싶다, 빈",신양란,지혜정원,2019.04.25
487,489,인조이 푸껫,마연희,넥서스BOOKS,2019.04.25
488,490,인조이 오사카(미니북)(2019),세계여행정보센터,넥서스BOOKS,2019.04.18
489,491,에이든 오사카 간사이 여행지도,타블라라사,타블라라사,2019.04.17
490,492,뉴욕 셀프트래블(2019-2020),조은정,상상출판,2019.04.16
491,493,"지금, 오키나와",오상용,플래닝북스,2019.04.05
492,494,인조이 발리(2019),한동엽,넥서스BOOKS,2019.03.29
493,495,샌프란시스코 사람은 이렇게 여행한다,신재동,북랩,2019.03.29
494,496,런던 여행백서(2019-2020),정꽃나래,나무자전거,2019.03.25
495,497,하루하루 교토,주아현,상상출판,2019.03.22
496,498,홀로 서지 않기로 했다,조수희,목수책방,2019.03.15
497,499,모리셔스 홀리데이,양인선,꿈의지도,2019.03.14
498,500,"인조이 규슈, 후쿠오카, 나가사키, 벳푸, 유후인(2019)",정태관,넥서스BOOKS,2019.02.20
499,501,칸쿤 홀리데이(2019-2020),주소은,꿈의지도,2019.02.15
500,502,오사카는 기꺼이 서서 마신다,박찬일,모비딕북스,2019.01.30
501,503,피렌체 걷기여행,엘라,터치아트,2019.01.25
502,504,인조이 방콕(2019),강석균,넥서스BOOKS,2019.01.15
503,505,홋카이도 홀리데이(2019-2020),인페인터글로벌,꿈의지도,2019.01.11
504,506,무작정 따라하기 프라하(2019-2020),김후영,길벗,2019.01.04
505,507,프렌즈 두바이('19~'20)(Season 2),이세희,중앙북스,2019.01.03
506,508,우즈베키스탄에 꽂히다,최희영,라운더바우트,2019.01.01
507,509,핀란드(2019),김문희,샬레트래블앤라이프,2019.01.01
508,510,도쿄 마실,정꽃보라,시공사,2018.12.17
509,511,프랑스 데이(2019-2020),김민준,테라출판사(TERRA),2018.12.05
510,512,세 도시 이야기,신지혜,하나의책,2018.12.03
511,513,"업고 메고, 남미육아여행",류대희,프로방스,2018.11.30
512,514,소소여행: 인천 테마 여행기,이다빈,아트로드,2018.11.17
513,515,독일을 즐기는 건배사,전나래,이담북스,2018.11.16
514,516,맛있는 프랑스,배동렬,BR미디어,2018.11.12
515,517,저스트고 나고야(2019-2020),박용준,시공사,2018.11.08
516,518,저스트고 유럽(2018-2019),최철호,시공사,2018.10.31
517,519,기자형제 신문 밖으로 떠나다,나인문,행복에너지,2018.10.01
518,520,"지금, 도쿄",신연수,플래닝북스,2018.09.30
519,521,버스 타고 주말 여행(2018-2019),안혜연,시공사,2018.09.27
520,522,클로즈업 후쿠오카(2019),유재우,에디터,2018.09.21
521,523,이탈리아 소도시 여행,백상현,시공사,2018.09.20
522,524,백두대간 종주하다,정금연,건강신문사,2018.09.18
523,525,나의 첫 자유여행 뉴욕(New York)(2018),김미현,동양북스,2018.09.15
524,526,무작정 따라하기 크로아티아(2018-2019),정숙영,길벗,2018.09.10
525,527,경주: 천년의마음 천년의 노래,허선영,아이퍼블릭스,2018.09.10
526,528,세계를 읽다: 베트남,벤,가지,2018.09.01
527,529,"때때로 괜찮지 않았지만, 그래도 괜찮았어",여행자,더시드컴퍼니,2018.08.24
528,530,교토감성,남자휴식위원회,생각정거장,2018.08.23
529,531,설렘 두배 스페인 포르투갈(2019-2020),김진주,디스커버리미디어,2018.08.01
530,532,난생 처음 도쿄(2018~2019),남기성,메이트북스,2018.07.30
531,533,낯선 곳이 나를 부를 때,유호동,책과나무,2018.07.12
532,534,나는 호텔을 여행한다,김다영,반니,2018.07.10
533,535,유럽 자동차 여행,이화득,황금열쇠,2018.07.09
534,536,오 마이 제주,배경민,장차북스,2018.07.07
535,537,WORLD ATLAS FOR TOURIST (세계관광여행지도),성지문화사,성지문화사,2018.07.01
536,538,땀잔치,최신종,좋은땅,2018.06.25
537,539,영화가 묻고 베네치아로 답하다,김영숙,일파소,2018.06.20
538,540,"52주 여행, 마침내 완벽한 경상도 228",이경화,책밥,2018.06.11
539,541,한반도를 달리다,개러스,넥서스BOOKS,2018.06.05
540,542,잘츠부르크,박종호,풍월당,2018.06.01
541,543,오키나와,아사히신문출판,그리고책,2018.06.01
542,544,"농촌마을길, 강변따라 쉬엄쉬엄 걷기 그린로드",농촌진흥청,21세기사,2018.05.25
543,545,디스 이즈 도쿄(2018-2019),박설희,테라출판사(TERRA),2018.05.21
544,546,하와이 여행백서(2018~2019),정상구,나무자전거,2018.05.01
545,547,저스트고 오사카(2018),원경혜,시공사,2018.04.30
546,548,자동차로 떠나는 스페인 가족여행,김영,북랩,2018.04.27
547,549,다정한 사람에게 다녀왔습니다,노윤주,바이북스,2018.04.25
548,550,세계를 읽다: 일본,라이나,가지,2018.04.15
549,551,일본에 사케 마시러 가자,김성수,디지털북스,2018.04.10
550,552,오키나와 셀프트래블(2018-2019),정꽃나래,상상출판,2018.03.29
551,553,나는 계속 걷기로 했다,거칠부,궁리,2018.03.23
552,554,월드트레킹 완벽가이드 유럽,이재홍,여행마인드,2018.02.19
553,555,도쿄 셀렉트 북,강한나,니들북,2018.02.15
554,556,일본 맛집 산책,히라마츠,haru,2018.02.14
555,557,타이베이 키친,김윤주,알에이치코리아,2018.01.24
556,558,두근두근 호주,21세기북스,21세기북스,2018.01.22
557,559,민달이의 아프리카 여행,장민욱,마음세상,2018.01.22
558,560,너와 함께한 모든 길이 좋았다,박윤영,뜨인돌출판사,2018.01.19
559,561,"미국, 캐나다 대자연에 취하다",태원용,북랩,2017.12.29
560,562,3 데이즈 인 다카마츠(3Days in Takamatsu),RHK,알에이치코리아,2017.12.08
561,563,후쿠오카 셀프트래블(2018-2019),김수정,상상출판,2017.12.01
562,564,인도 아쉬람 기행,김동관,샨티아쉬람,2017.11.13
563,565,Tripful(트립풀) 오키나와,이착희,이지앤북스,2017.10.19
564,566,아틀라스 옵스큐라,조슈아,쌤앤파커스,2017.09.29
565,567,도쿄 카페 놀이,아사히신문출판,시공사,2017.09.27
566,568,이스탄불 홀리데이,김현숙,꿈의지도,2017.09.15
567,569,가성비 좋은 도쿄 테마 여행,이진천,가나북스,2017.08.25
568,570,걸어서 하는 도시 건축 여행 바르셀로나에 가자,조미화,제이앤제이제이(디지털북스),2017.08.20
569,571,퍼펙트 가이드 오키나와,서범근,아홉번째서재,2017.08.04
570,572,뮌헨 홀리데이,유상현,꿈의지도,2017.07.31
571,573,페소아의 리스본,페르난두,안그라픽스,2017.07.21
572,574,시니어의 아프리카 여행,상운,맑은샘,2017.07.05
573,575,"바르셀로나, 지금이 좋아",정다운,중앙북스,2017.07.03
574,576,일본 오사카 교토나라 문화여행,오세종,문학공감,2017.07.01
575,577,세계를 읽다: 두바이,리나,가지,2017.06.30
576,578,저스트고 인도(2017~2018),박루니,시공사,2017.06.27
577,579,테이스티로드 가이드북: 후쿠오카,김광일,아토북(Atto Book),2017.06.27
578,580,이번엔 남해안,정양희,넥서스BOOKS,2017.06.20
579,581,해파랑길 병풍지도(상),예조원,예조원,2017.06.15
580,582,해파랑길 병풍지도(하),예조원,예조원,2017.06.15
581,583,열아홉 유럽,버선버섯,숨쉬는책공장,2017.05.29
582,584,일생에 한번은 맛보고 싶은 음식 여행 500,김화곤,터치아트,2017.04.25
583,585,베를린 다이어리,이미화,알비,2017.04.19
584,586,산티아고 순례길 가이드북,김남철,핏북,2017.04.07
585,587,"버릇처럼, 열두 달 여행",홍수진,푸른향기,2017.03.29
586,588,전국해장음식열전,배동렬,BR미디어,2017.03.10
587,589,말레이시아 셀프트래블(2017-2018),김주희,상상출판,2017.02.20
588,590,시코쿠를 걷는 여자,최상희,푸른향기,2016.10.29
589,591,모터사이클로 유라시아,손현,미메시스,2016.09.10
590,592,"아트로드, 한국을 담다",김물길,알에이치코리아,2016.08.22
591,593,저스트고 필리핀(2016-2017),김재민,시공사,2016.08.12
592,594,아이와 함께하는 역사 여행,박세준,혜지원,2016.06.27
593,595,이토록 맛있는 일본이라면,허영만,가디언,2016.06.14
594,596,너와 함께 인천 섬여행,양소희,여행연구소,2016.06.09
595,597,헬로 샌프란시스코(Hello San Francisco),야마노,알에이치코리아,2016.05.30
596,598,살면서 꼭 한 번 Iceland(아이슬란드),이진섭,중앙북스,2016.04.20
597,599,오늘부터 여행작가,채지형,상상출판,2016.03.02
598,600,별들이 흘러간 길,김승미,푸른향기,2016.02.19
599,601,"여행의 기록, 알바 알토(Aalto, Architecture & my travels)",박희찬,시공문화사,2016.01.25
600,602,산티아고 길의 마을과 성당,홍사영,기쁜소식,2015.12.25
601,603,유럽을 그리다,배종훈,꿈의지도,2015.12.25
602,604,촌놈 신부 유럽 여행기,황창연,기원전,2015.12.25
603,605,"홋카이도, 여행, 수다",송인희,디스커버리미디어,2015.11.25
604,606,새로운 일본의 섬 여행,세소코,꿈의지도,2015.11.15
605,607,"지금 여기, 산티아고",한효정,푸른향기,2015.11.09
606,608,대한민국 풍수여행 30,최승호,더시드컴퍼니,2015.11.02
607,609,너도 떠나보면 나를 알게 될 거야,김동영,달,2015.10.26
608,610,고독한 미식가 맛집 순례 가이드,고독한,이숲,2015.08.15
609,611,터키(Turkey)에 먹으러 가자,정남희,제이앤제이제이(디지털북스),2015.08.05
610,612,고독한 미식가 맛집 순례 가이드 세트,고독한,이숲,2015.08.04
611,613,맛있다 제주!,최갑수,덴스토리(Denstory),2015.07.25
612,614,일생에 한번은 스페인을 만나라,최도성,21세기북스,2015.07.23
613,615,라비 드 파리,김진석,큐리어스(Qrious),2015.07.21
614,616,"가고 싶다, 아테네&산토리니",신양란,지혜정원,2015.07.07
615,617,동유럽 문화도시 기행,정태남,21세기북스,2015.06.23
616,618,"빼빼가족, 버스 몰고 세계여행",빼빼가족,북로그컴퍼니,2015.06.20
617,619,지극히 주관적인 여행: 여행 종결자의 제주여행,이상헌,경향BP,2015.05.26
618,620,모터사이클 세계일주,정두용,꿈의지도,2015.02.17
619,621,산티아고 가는 길에서 포르투갈을 만나다,김효선,한길사,2015.02.05
620,602,산티아고 길의 마을과 성당,홍사영,기쁜소식,2015.12.25
621,603,유럽을 그리다,배종훈,꿈의지도,2015.12.25
622,604,촌놈 신부 유럽 여행기,황창연,기원전,2015.12.25
623,605,"홋카이도, 여행, 수다",송인희,디스커버리미디어,2015.11.25
624,606,새로운 일본의 섬 여행,세소코,꿈의지도,2015.11.15
625,607,"지금 여기, 산티아고",한효정,푸른향기,2015.11.09
626,608,대한민국 풍수여행 30,최승호,더시드컴퍼니,2015.11.02
627,609,너도 떠나보면 나를 알게 될 거야,김동영,달,2015.10.26
628,610,고독한 미식가 맛집 순례 가이드,고독한,이숲,2015.08.15
629,611,터키(Turkey)에 먹으러 가자,정남희,제이앤제이제이(디지털북스),2015.08.05
630,612,고독한 미식가 맛집 순례 가이드 세트,고독한,이숲,2015.08.04
631,613,맛있다 제주!,최갑수,덴스토리(Denstory),2015.07.25
632,614,일생에 한번은 스페인을 만나라,최도성,21세기북스,2015.07.23
633,615,라비 드 파리,김진석,큐리어스(Qrious),2015.07.21
634,616,"가고 싶다, 아테네&산토리니",신양란,지혜정원,2015.07.07
635,617,동유럽 문화도시 기행,정태남,21세기북스,2015.06.23
636,618,"빼빼가족, 버스 몰고 세계여행",빼빼가족,북로그컴퍼니,2015.06.20
637,619,지극히 주관적인 여행: 여행 종결자의 제주여행,이상헌,경향BP,2015.05.26
638,620,모터사이클 세계일주,정두용,꿈의지도,2015.02.17
639,621,산티아고 가는 길에서 포르투갈을 만나다,김효선,한길사,2015.02.05
640,642,알프스 알파인 등반: 몽블랑 산군 Vol 2,허긍열,몽블랑,2012.04.20
641,643,걷기 좋은 산길 55,진우석,페이퍼로드,2012.04.11
642,644,한국도로관광지도(여행안내),영진문화사,영진문화사,2012.01.01
643,645,테라로사 커피 로드,이윤선,북하우스엔,2011.12.01
644,646,국토종단 도보여행,고태규,이담북스,2011.11.07
645,647,5천만이 검색한 가족여행지,이병헌,중앙북스,2011.11.02
646,648,1만 시간 동안의 아시아 2: 베트남 라오스 태국 키르기스스탄 타지키스탄 우즈베키스탄 투르크메니스탄,박민우,플럼북스,2011.10.30
647,649,알프스 알파인 등반: 몽블랑 산군 Vol 1,허긍열,몽블랑,2011.10.20
648,650,나비야 청산가자 2,김명돌,에세이,2011.05.09
649,651,나비야 청산가자 1,김명돌,에세이,2011.05.09
650,652,제주올레여행,서명숙,북하우스,2011.04.08
651,653,나만 위로할 것,김동영,달,2010.10.08
652,654,산티아고 가이드북,존,넥서스BOOKS,2010.06.25
653,655,지리산 둘레길 언저리길 걷기여행,길을,황금시간,2009.09.01
654,656,인천테마여행,한국여행작가협회,열번째행성,2009.08.10
655,657,천문대 가는 길,전용훈,이음,2009.06.30
656,658,도쿄,POPOUT,황금나침반,2009.05.15
657,659,인도네시아,임진숙,즐거운상상,2009.05.01
658,660,동경 라면산보,석현수,프라우드,2009.02.03
659,661,캠핑카 타고 유럽여행,김혜연,넥서스BOOKS,2008.09.20
660,662,플래닛 워커: 아름다운 지구인,존,살림,2008.09.16
661,663,"독도라이더가 간다 : 21개국 34,000km, 232일간의 논스톱 모터사이클 세계",김영빈,샘터(샘터사),2008.07.01
662,664,3 3 7 세계여행,김완수,가림출판사,2007.08.05
663,665,스페인 너는 자유다,손미나,웅진지식하우스,2006.07.28
664,666,지도 밖으로 행군하라,한비야,푸른숲,2005.09.08
665,667,가보자 해보자 달려보자(유럽 편),김성덕,선미디어,2005.09.01
666,668,가보자 해보자 달려보자(미국편),김성덕,선미디어,2005.06.25
667,669,부부교사의 이스라엘 공짜여행,김종수,한솜,2003.12.05
668,670,박재동의 실크로드 스케치 기행 1,박재동,한겨레신문사,2003.04.30
669,671,이븐 바투타 여행기 1,이븐,창작과비평사,2001.09.20
670,672,경주남산,김원용,열화당,1991.05.01
